chromosome,start,end,width,Encode,Buenrostro
chr1,1,792500,792500,True,True
chr1,5850088,5850571,484,False,True
chr1,8909611,8910014,404,False,True
chr1,9574581,9574997,417,False,True
chr1,32043824,32044203,380,False,True
chr1,33818965,33819344,380,False,True
chr1,38674336,38674715,380,False,True
chr1,50017082,50017546,465,False,True
chr1,52996950,52997329,380,False,True
chr1,55372489,55372869,381,False,True
chr1,67971777,67972156,380,False,True
chr1,73258721,73259100,380,False,True
chr1,76971069,76971595,527,False,True
chr1,91386301,91388400,2100,True,False
chr1,93936366,93936747,382,False,True
chr1,93937448,93937827,380,False,True
chr1,102160408,102160787,380,False,True
chr1,103594401,103760600,166200,True,True
chr1,106803433,106803816,384,False,True
chr1,106804022,106804224,203,False,True
chr1,106804754,106805343,590,False,True
chr1,121605201,124938900,3333700,True,False
chr1,125067601,125086000,18400,True,False
chr1,125130201,143562200,18432000,True,False
chr1,146992423,146992802,380,False,True
chr1,158449074,158449453,380,False,True
chr1,158872115,158872494,380,False,True
chr1,159295112,159295493,382,False,True
chr1,161423101,161472400,49300,True,False
chr1,168348601,168349900,1300,True,False
chr1,169473896,169474338,443,False,True
chr1,170006205,170006584,380,False,True
chr1,172710351,172710732,382,False,True
chr1,181422612,181423158,547,False,True
chr1,191961695,191962163,469,False,True
chr1,195288049,195288429,381,False,True
chr1,199487950,199488149,200,False,True
chr1,214709796,214710175,380,False,True
chr1,215499616,215500014,399,False,True
chr1,224010801,224017000,6200,True,False
chr1,226652018,226652398,381,False,True
chr1,227699753,227700133,381,False,True
chr1,229019366,229019745,380,False,True
chr1,233139986,233140365,380,False,True
chr1,235520205,235520404,200,False,True
chr1,235537406,235537785,380,False,True
chr1,235538900,235540112,1213,False,True
chr1,235540244,235540623,380,False,True
chr1,235540887,235541649,763,False,True
chr1,235870626,235871005,380,False,True
chr1,236713001,236715600,2600,True,False
chr1,237940596,237940979,384,False,True
chr1,237941046,237941514,469,False,True
chr1,237941894,237942746,853,False,True
chr1,237943029,237943416,388,False,True
chr1,237943491,237945232,1742,False,True
chr1,237945286,237946507,1222,False,True
chr1,237948984,237949365,382,False,True
chr1,237951295,237951802,508,False,True
chr1,248932701,248956400,23700,True,False
chr2,638428,638808,381,False,True
chr2,1087104,1087484,381,False,True
chr2,1221701,1223900,2200,True,False
chr2,1594701,1605200,10500,True,False
chr2,3179601,3182100,2500,True,False
chr2,4643801,4648800,5000,True,False
chr2,10952801,10955000,2200,True,False
chr2,13718701,13737700,19000,True,False
chr2,16271754,16272134,381,False,True
chr2,21903501,21906400,2900,True,False
chr2,22316879,22317258,380,False,True
chr2,24644618,24644997,380,False,True
chr2,32865901,32869900,4000,True,False
chr2,32915301,32918400,3100,True,False
chr2,33766501,33768400,1900,True,True
chr2,33964665,33965045,381,False,True
chr2,36183001,36184500,1500,True,False
chr2,36276770,36277149,380,False,True
chr2,40784788,40785278,491,False,True
chr2,49228701,49230700,2000,True,True
chr2,50588766,50589566,801,False,True
chr2,54451655,54452034,380,False,True
chr2,57648678,57649057,380,False,True
chr2,64359301,64377000,17700,True,False
chr2,67953670,67954049,380,False,True
chr2,75063568,75063994,427,False,True
chr2,81666318,81666849,532,False,True
chr2,82814942,82815321,380,False,True
chr2,82815452,82816236,785,False,True
chr2,82816262,82816647,386,False,True
chr2,82818379,82818748,370,False,True
chr2,82820801,82821005,205,False,True
chr2,85068667,85069046,380,False,True
chr2,86655301,86661100,5800,True,False
chr2,86900701,87078100,177400,True,False
chr2,87119301,87189800,70500,True,False
chr2,87217001,87866200,649200,True,True
chr2,88771001,88806500,35500,True,False
chr2,89235301,89947100,711800,True,False
chr2,90246301,91735500,1489200,True,False
chr2,91783001,91924800,141800,True,False
chr2,91969001,94569500,2600500,True,False
chr2,94898977,94899645,669,False,True
chr2,94900640,94900840,201,False,True
chr2,94901422,94901808,387,False,True
chr2,95849401,96067900,218500,True,False
chr2,97106301,97615800,509500,True,True
chr2,102482583,102482962,380,False,True
chr2,102505607,102505987,381,False,True
chr2,109198401,109200700,2300,True,False
chr2,109744601,110095200,350600,True,False
chr2,110229201,110633400,404200,True,False
chr2,111253601,111500500,246900,True,False
chr2,112346201,112441300,95100,True,False
chr2,113370101,113662700,292600,True,False
chr2,116751235,116751614,380,False,True
chr2,116752005,116752448,444,False,True
chr2,116752518,116752897,380,False,True
chr2,117020172,117020552,381,False,True
chr2,117021108,117022152,1045,False,True
chr2,117022439,117024038,1600,False,True
chr2,117024278,117025093,816,False,True
chr2,117025206,117025670,465,False,True
chr2,117026131,117026512,382,False,True
chr2,120211536,120212064,529,False,True
chr2,120212686,120213069,384,False,True
chr2,120213762,120214143,382,False,True
chr2,120214591,120215370,780,False,True
chr2,121220136,121220515,380,False,True
chr2,124680744,124681182,439,False,True
chr2,125812047,125812548,502,False,True
chr2,129090775,129091154,380,False,True
chr2,130272175,130272615,441,False,True
chr2,130273452,130273981,530,False,True
chr2,130274327,130274992,666,False,True
chr2,130275175,130275744,570,False,True
chr2,130276120,130276500,381,False,True
chr2,130277775,130278727,953,False,True
chr2,130279996,130280729,734,False,True
chr2,130280828,130281440,613,False,True
chr2,130496801,130716400,219600,True,False
chr2,131369644,131369925,282,False,True
chr2,131370950,131371562,613,False,True
chr2,131371917,131372361,445,False,True
chr2,131372759,131373137,379,False,True
chr2,131379318,131380344,1027,False,True
chr2,131381593,131381973,381,False,True
chr2,131382345,131382728,384,False,True
chr2,131382773,131382974,202,False,True
chr2,131383080,131384016,937,False,True
chr2,131384052,131384621,570,False,True
chr2,131384899,131385281,383,False,True
chr2,131385357,131385794,438,False,True
chr2,132201001,132288900,87900,True,False
chr2,132353601,132364500,10900,True,False
chr2,140217230,140218044,815,False,True
chr2,140220210,140220840,631,False,True
chr2,140220941,140221140,200,False,True
chr2,140221199,140222369,1171,False,True
chr2,140222546,140223623,1078,False,True
chr2,140223648,140224297,650,False,True
chr2,143088645,143089042,398,False,True
chr2,143089939,143090358,420,False,True
chr2,143090899,143091662,764,False,True
chr2,143092256,143092646,391,False,True
chr2,143093557,143093941,385,False,True
chr2,143094516,143094999,484,False,True
chr2,143095615,143095994,380,False,True
chr2,143096049,143096428,380,False,True
chr2,143096471,143097336,866,False,True
chr2,143097467,143097981,515,False,True
chr2,143100622,143101005,384,False,True
chr2,147048575,147048955,381,False,True
chr2,147244850,147245229,380,False,True
chr2,147265035,147265432,398,False,True
chr2,148822914,148823295,382,False,True
chr2,148880801,148882800,2000,True,True
chr2,155196093,155196473,381,False,True
chr2,155263346,155264313,968,False,True
chr2,155264363,155264562,200,False,True
chr2,155264600,155264982,383,False,True
chr2,155311421,155311995,575,False,True
chr2,155313540,155313922,383,False,True
chr2,156828629,156829008,380,False,True
chr2,161277701,161283400,5700,True,False
chr2,162517272,162517651,380,False,True
chr2,164117002,164117382,381,False,True
chr2,166414324,166414779,456,False,True
chr2,167378864,167379244,381,False,True
chr2,168652434,168652813,380,False,True
chr2,179739185,179739689,505,False,True
chr2,181274801,181276800,2000,True,False
chr2,190593882,190594262,381,False,True
chr2,196204681,196205060,380,False,True
chr2,201212171,201212612,442,False,True
chr2,201212649,201212854,206,False,True
chr2,201212904,201213386,483,False,True
chr2,201214660,201215040,381,False,True
chr2,201549405,201549784,380,False,True
chr2,201550131,201550513,383,False,True
chr2,201557569,201557948,380,False,True
chr2,202614118,202614527,410,False,True
chr2,202615372,202615757,386,False,True
chr2,202617017,202617398,382,False,True
chr2,202618436,202618819,384,False,True
chr2,202619755,202620134,380,False,True
chr2,211773628,211774158,531,False,True
chr2,211774323,211775192,870,False,True
chr2,211775642,211776712,1071,False,True
chr2,211777035,211777417,383,False,True
chr2,211777803,211778269,467,False,True
chr2,211778917,211779562,646,False,True
chr2,215573164,215573544,381,False,True
chr2,226108501,226110400,1900,True,False
chr2,226722089,226722596,508,False,True
chr2,234889801,234894400,4600,True,False
chr2,237521664,237522775,1112,False,True
chr2,237522863,237523652,790,False,True
chr2,239642201,239645600,3400,True,False
chr2,240308101,240310300,2200,True,False
chr2,241589301,241591800,2500,True,False
chr2,242005901,242011100,5200,True,False
chr2,242110101,242193500,83400,True,False
chr3,1,11600,11600,True,False
chr3,3571913,3572292,380,False,True
chr3,3895201,3896700,1500,True,False
chr3,4916701,4922500,5800,True,False
chr3,14091001,14092500,1500,True,False
chr3,15187201,15207800,20600,True,False
chr3,15592101,15603300,11200,True,False
chr3,16176801,16179200,2400,True,False
chr3,16679701,16682500,2800,True,False
chr3,19499701,19504000,4300,True,False
chr3,19624001,19627100,3100,True,False
chr3,21983201,21988100,4900,True,False
chr3,24053501,24054900,1400,True,False
chr3,24705150,24705529,380,False,True
chr3,25467329,25467722,394,False,True
chr3,26384801,26404100,19300,True,False
chr3,29797535,29797914,380,False,True
chr3,29993901,29999900,6000,True,False
chr3,33548104,33548483,380,False,True
chr3,36987501,36995000,7500,True,False
chr3,38083401,38085400,2000,True,False
chr3,38406101,38430900,24800,True,False
chr3,39366701,39386000,19300,True,False
chr3,40219401,40240500,21100,True,False
chr3,40252108,40253916,1809,False,True
chr3,41532178,41532556,379,False,True
chr3,43229297,43229733,437,False,True
chr3,49671001,49696700,25700,True,False
chr3,51457801,51462000,4200,True,False
chr3,57326801,57328500,1700,True,False
chr3,65124101,65126100,2000,True,False
chr3,65510001,65513900,3900,True,False
chr3,65697401,65699300,1900,True,False
chr3,66273801,66275200,1400,True,False
chr3,68076401,68077800,1400,True,False
chr3,68658876,68659467,592,False,True
chr3,68670346,68670734,389,False,True
chr3,69047301,69053600,6300,True,False
chr3,69475301,69479700,4400,True,False
chr3,73054641,73055020,380,False,True
chr3,75630101,75707800,77700,True,False
chr3,75736401,75754600,18200,True,False
chr3,78948801,78950500,1700,True,False
chr3,80876001,80894000,18000,True,False
chr3,82655448,82655827,380,False,True
chr3,89345601,89370500,24900,True,False
chr3,89588896,89589538,643,False,True
chr3,90156401,90175500,19100,True,False
chr3,90455401,91297100,841700,True,False
chr3,91516201,93749200,2233000,True,False
chr3,96475263,96475643,381,False,True
chr3,96616301,96619300,3000,True,True
chr3,97905101,97923200,18100,True,False
chr3,101674801,101698400,23600,True,False
chr3,103224301,103236500,12200,True,False
chr3,106665701,106669700,4000,True,False
chr3,106894020,106894441,422,False,True
chr3,106895182,106895568,387,False,True
chr3,106896125,106896504,380,False,True
chr3,106898662,106899022,361,False,True
chr3,106899754,106900122,369,False,True
chr3,106901800,106902741,942,False,True
chr3,106903189,106903605,417,False,True
chr3,106975901,106979600,3700,True,False
chr3,108751101,108755100,4000,True,False
chr3,111019501,111024600,5100,True,False
chr3,119947199,119947578,380,False,True
chr3,120721859,120722610,752,False,True
chr3,121933801,121936400,2600,True,False
chr3,122414301,122417500,3200,True,False
chr3,122688558,122688938,381,False,True
chr3,122735501,122796600,61100,True,False
chr3,122837001,122838700,1700,True,False
chr3,125982520,125982900,381,False,True
chr3,127005358,127005745,388,False,True
chr3,128988980,128989359,380,False,True
chr3,133177101,133179800,2700,True,False
chr3,133551501,133579500,28000,True,False
chr3,135437201,135439100,1900,True,False
chr3,136954601,136969200,14600,True,False
chr3,137095969,137096348,380,False,True
chr3,137168401,137169900,1500,True,False
chr3,138575801,138595900,20100,True,False
chr3,139190801,139194700,3900,True,False
chr3,142662233,142662612,380,False,True
chr3,152919605,152919995,391,False,True
chr3,153236201,153241300,5100,True,False
chr3,153658705,153659087,383,False,True
chr3,155544101,155546700,2600,True,False
chr3,156279001,156283500,4500,True,False
chr3,157080801,157093400,12600,True,False
chr3,158511301,158513100,1800,True,False
chr3,160941201,160948700,7500,True,True
chr3,161001901,161014100,12200,True,False
chr3,165573101,165591000,17900,True,False
chr3,166159727,166160108,382,False,True
chr3,166160261,166160644,384,False,True
chr3,166161632,166162087,456,False,True
chr3,166226564,166226945,382,False,True
chr3,166228201,166232400,4200,True,False
chr3,166232407,166232886,480,False,True
chr3,166232971,166233355,385,False,True
chr3,166474024,166474223,200,False,True
chr3,168012101,168016800,4700,True,False
chr3,170567001,170569900,2900,True,False
chr3,170864301,170881400,17100,True,False
chr3,171534314,171534700,387,False,True
chr3,171626601,171637700,11100,True,False
chr3,174829201,174831800,2600,True,False
chr3,176828701,176833000,4300,True,False
chr3,177010777,177011156,380,False,True
chr3,177660601,177664000,3400,True,False
chr3,178926801,178941300,14500,True,False
chr3,183016901,183019100,2200,True,False
chr3,183955401,183958700,3300,True,False
chr3,187893901,187896100,2200,True,False
chr3,192739301,192742700,3400,True,False
chr3,192880588,192880967,380,False,True
chr3,194323601,194334900,11300,True,False
chr3,195477901,195507300,29400,True,False
chr3,195616001,195750100,134100,True,False
chr3,195775501,195791400,15900,True,False
chr3,195914101,196028300,114200,True,False
chr3,196249401,196251900,2500,True,False
chr3,196897801,196899800,2000,True,False
chr3,197030601,197035800,5200,True,False
chr3,197383401,197428800,45400,True,False
chr3,197454701,197460800,6100,True,False
chr3,197598401,197680900,82500,True,False
chr3,198099801,198295500,195700,True,False
chr4,1,69200,69200,True,False
chr4,554101,556500,2400,True,False
chr4,1427001,1468900,41900,True,False
chr4,5404509,5404897,389,False,True
chr4,6002701,6005700,3000,True,False
chr4,7863001,7865000,2000,True,False
chr4,9212701,9369600,156900,True,False
chr4,12640143,12640815,673,False,True
chr4,14506100,14506467,368,False,True
chr4,17061825,17062213,389,False,True
chr4,18949311,18949691,381,False,True
chr4,22502174,22502553,380,False,True
chr4,25717757,25718136,380,False,True
chr4,25718276,25718655,380,False,True
chr4,25719399,25719626,228,False,True
chr4,27730252,27730747,496,False,True
chr4,30884525,30884906,382,False,True
chr4,32280110,32280489,380,False,True
chr4,40291701,40318200,26500,True,False
chr4,41023065,41023448,384,False,True
chr4,47772101,47772544,444,False,True
chr4,49077201,51816100,2738900,True,True
chr4,55327201,55329200,2000,True,True
chr4,64606370,64606752,383,False,True
chr4,64606842,64607360,519,False,True
chr4,64607396,64607789,394,False,True
chr4,64607977,64608801,825,False,True
chr4,64608938,64609326,389,False,True
chr4,64609812,64610876,1065,False,True
chr4,64611177,64611617,441,False,True
chr4,66065194,66065631,438,False,True
chr4,68050142,68050521,380,False,True
chr4,68572334,68572774,441,False,True
chr4,77994001,78009600,15600,True,True
chr4,83383283,83383662,380,False,True
chr4,89731704,89732163,460,False,True
chr4,92701788,92702300,513,False,True
chr4,107501925,107502304,380,False,True
chr4,112372590,112372969,380,False,True
chr4,116296653,116297040,388,False,True
chr4,116297166,116297545,380,False,True
chr4,116297660,116298726,1067,False,True
chr4,116299004,116300416,1413,False,True
chr4,119274401,119301700,27300,True,False
chr4,128081281,128081956,676,False,True
chr4,140929568,140929947,380,False,True
chr4,143017908,143018107,200,False,True
chr4,143347974,143348354,381,False,True
chr4,144379498,144379877,380,False,True
chr4,146285101,146305300,20200,True,False
chr4,155076907,155077288,382,False,True
chr4,155452734,155452935,202,False,True
chr4,155453929,155454313,385,False,True
chr4,155454408,155455447,1040,False,True
chr4,155455567,155455766,200,False,True
chr4,155457625,155458008,384,False,True
chr4,155459548,155459747,200,False,True
chr4,155460172,155460553,382,False,True
chr4,155461094,155461689,596,False,True
chr4,155462079,155463456,1378,False,True
chr4,155463702,155464839,1138,False,True
chr4,155464896,155465305,410,False,True
chr4,155465581,155466624,1044,False,True
chr4,157628392,157628774,383,False,True
chr4,160044430,160044815,386,False,True
chr4,161449478,161449857,380,False,True
chr4,161788292,161788671,380,False,True
chr4,162420501,162422400,1900,True,True
chr4,166554301,166581300,27000,True,False
chr4,172036715,172037094,380,False,True
chr4,179069260,179069639,380,False,True
chr4,181238801,181242300,3500,True,False
chr4,183489244,183489623,380,False,True
chr4,189232501,189236300,3800,True,False
chr4,189834901,189849700,14800,True,False
chr4,189877501,190023700,146200,True,False
chr4,190048601,190214500,165900,True,False
chr5,1,44100,44100,True,False
chr5,548301,564100,15800,True,False
chr5,647601,651700,4100,True,False
chr5,1326101,1334600,8500,True,False
chr5,2144601,2147800,3200,True,False
chr5,2489801,2491700,1900,True,False
chr5,3322101,3325100,3000,True,False
chr5,5395564,5395943,380,False,True
chr5,5396183,5396616,434,False,True
chr5,5396676,5397057,382,False,True
chr5,6967701,6971700,4000,True,False
chr5,8619084,8619464,381,False,True
chr5,8619928,8620307,380,False,True
chr5,8620708,8621192,485,False,True
chr5,8621954,8622333,380,False,True
chr5,8622355,8622753,399,False,True
chr5,17516801,17600200,83400,True,False
chr5,21477601,21497600,20000,True,False
chr5,25381401,25384300,2900,True,False
chr5,32927395,32927776,382,False,True
chr5,34177901,34244800,66900,True,False
chr5,37164287,37164673,387,False,True
chr5,45522901,45525200,2300,True,False
chr5,45743001,45744800,1800,True,False
chr5,46433901,46687700,253800,True,False
chr5,46708101,50165300,3457200,True,False
chr5,60759701,60762500,2800,True,True
chr5,63320901,63335500,14600,True,False
chr5,66253510,66253889,380,False,True
chr5,69540701,71359500,1818800,True,False
chr5,71850001,71852800,2800,True,False
chr5,73775721,73776112,392,False,True
chr5,74685401,74712400,27000,True,False
chr5,78452401,78457600,5200,True,False
chr5,78848401,78872800,24400,True,False
chr5,79089861,79090240,380,False,True
chr5,80649101,80653100,4000,True,True
chr5,85641801,85662700,20900,True,False
chr5,93947501,93948900,1400,True,False
chr5,94567101,94571098,3998,True,True
chr5,97678634,97679016,383,False,True
chr5,98409948,98410327,380,False,True
chr5,98410701,98411257,557,False,True
chr5,99813006,99813388,383,False,True
chr5,100045501,100076300,30800,True,True
chr5,106425501,106429500,4000,True,False
chr5,106553188,106553689,502,False,True
chr5,109259501,109265400,5900,True,False
chr5,111302101,111308300,6200,True,False
chr5,111488865,111489244,380,False,True
chr5,114156701,114158300,1600,True,False
chr5,119127219,119127602,384,False,True
chr5,119904001,119905600,1600,True,False
chr5,121030821,121031445,625,False,True
chr5,122338659,122339042,384,False,True
chr5,123760112,123762200,2089,True,True
chr5,134922501,134929400,6900,True,True
chr5,136533607,136533986,380,False,True
chr5,137305007,137305387,381,False,True
chr5,139005501,139011600,6100,True,False
chr5,146610001,146615500,5500,True,False
chr5,152198766,152199145,380,False,True
chr5,153071101,153077000,5900,True,False
chr5,156658301,156665400,7100,True,False
chr5,160600366,160600745,380,False,True
chr5,161606001,161611700,5700,True,False
chr5,163146854,163147234,381,False,True
chr5,163959712,163960091,380,False,True
chr5,164673915,164674288,374,False,True
chr5,166530242,166530641,400,False,True
chr5,170635390,170635774,385,False,True
chr5,171083901,171090200,6300,True,False
chr5,175904501,176118000,213500,True,False
chr5,176590701,176593000,2300,True,False
chr5,177636701,177684700,48000,True,False
chr5,177960501,177981400,20900,True,False
chr5,178584601,178586600,2000,True,False
chr5,181172601,181538200,365600,True,False
chr6,256501,382800,126300,True,False
chr6,861501,864200,2700,True,False
chr6,1052801,1054800,2000,True,False
chr6,1705931,1706304,374,False,True
chr6,3943770,3944149,380,False,True
chr6,26669201,26832300,163100,True,False
chr6,29454055,29454435,381,False,True
chr6,32706021,32706850,830,False,True
chr6,33484601,33486400,1800,True,False
chr6,34070601,34074000,3400,True,False
chr6,38262001,38301600,39600,True,False
chr6,39455801,39460500,4700,True,False
chr6,43490987,43491370,384,False,True
chr6,44043601,44080000,36400,True,False
chr6,44180601,44182900,2300,True,False
chr6,51874901,51901300,26400,True,False
chr6,54899049,54899248,200,False,True
chr6,54961901,54967400,5500,True,False
chr6,58432201,60242300,1810100,True,False
chr6,61321801,61493000,171200,True,False
chr6,61573201,61575100,1900,True,True
chr6,61661901,61673400,11500,True,False
chr6,72747982,72748361,380,False,True
chr6,72799170,72799549,380,False,True
chr6,76708391,76708770,380,False,True
chr6,88555203,88555591,389,False,True
chr6,91726617,91727363,747,False,True
chr6,94446938,94447370,433,False,True
chr6,96941572,96941951,380,False,True
chr6,103709001,103715100,6100,True,False
chr6,104699856,104700055,200,False,True
chr6,114377335,114377534,200,False,True
chr6,115254901,115256800,1900,True,False
chr6,122764825,122765204,380,False,True
chr6,126478330,126478709,380,False,True
chr6,127735331,127735710,380,False,True
chr6,132799555,132799939,385,False,True
chr6,133150493,133150881,389,False,True
chr6,133930810,133931190,381,False,True
chr6,138133083,138133462,380,False,True
chr6,143077648,143078031,384,False,True
chr6,143799901,143801800,1900,True,False
chr6,153666230,153666618,389,False,True
chr6,153667364,153667744,381,False,True
chr6,153668188,153668753,566,False,True
chr6,153669026,153669419,394,False,True
chr6,156035301,156040100,4800,True,False
chr6,156547730,156548118,389,False,True
chr6,157309501,157324800,15300,True,False
chr6,160611701,160647400,35700,True,False
chr6,163638069,163638448,380,False,True
chr6,170145301,170147200,1900,True,False
chr6,170376901,170401000,24100,True,False
chr6,170465401,170468400,3000,True,False
chr7,1,49600,49600,True,False
chr7,224501,241300,16800,True,False
chr7,904701,907100,2400,True,False
chr7,1271401,1273500,2100,True,False
chr7,18021727,18022106,380,False,True
chr7,22748472,22748854,383,False,True
chr7,33749121,33749500,380,False,True
chr7,36228568,36229008,441,False,True
chr7,37387571,37387950,380,False,True
chr7,45251001,45253000,2000,True,True
chr7,55369050,55369429,380,False,True
chr7,56369501,56375600,6100,True,False
chr7,57167689,57168071,383,False,True
chr7,57168473,57168852,380,False,True
chr7,57169047,57169430,384,False,True
chr7,57169551,57169932,382,False,True
chr7,57170308,57170523,216,False,True
chr7,57170676,57171410,735,False,True
chr7,57171503,57172122,620,False,True
chr7,57173799,57174181,383,False,True
chr7,57174855,57175239,385,False,True
chr7,57185616,57185995,380,False,True
chr7,57186106,57186589,484,False,True
chr7,57187288,57188033,746,False,True
chr7,57188306,57188872,567,False,True
chr7,57189117,57189730,614,False,True
chr7,57190950,57191332,383,False,True
chr7,57191619,57191818,200,False,True
chr7,57192133,57192860,728,False,True
chr7,57193490,57193872,383,False,True
chr7,57193975,57194701,727,False,True
chr7,57194830,57195210,381,False,True
chr7,57196303,57197490,1188,False,True
chr7,57198264,57198644,381,False,True
chr7,57485301,57497800,12500,True,False
chr7,57611601,57637700,26100,True,False
chr7,58031801,60997400,2965600,True,False
chr7,61017801,61075200,57400,True,False
chr7,61102901,61725200,622300,True,False
chr7,62265701,62409500,143800,True,False
chr7,62430001,62520600,90600,True,False
chr7,63094674,63095057,384,False,True
chr7,64104134,64104513,380,False,True
chr7,64105295,64106415,1121,False,True
chr7,64106628,64107010,383,False,True
chr7,64108330,64108798,469,False,True
chr7,64110008,64110707,700,False,True
chr7,64111377,64111804,428,False,True
chr7,64111958,64112849,892,False,True
chr7,65488001,65496500,8500,True,False
chr7,67627831,67628213,383,False,True
chr7,68097608,68097990,383,False,True
chr7,68736348,68736811,464,False,True
chr7,69331806,69332005,200,False,True
chr7,69332038,69332438,401,False,True
chr7,69333014,69333393,380,False,True
chr7,69333598,69334167,570,False,True
chr7,72088576,72088955,380,False,True
chr7,83100027,83100406,380,False,True
chr7,83469985,83470184,200,False,True
chr7,83855081,83855464,384,False,True
chr7,95851250,95851629,380,False,True
chr7,100951401,100968300,16900,True,False
chr7,100991501,101004600,13100,True,False
chr7,102474701,102686400,211700,True,False
chr7,104989517,104989896,380,False,True
chr7,112372485,112372865,381,False,True
chr7,112374725,112374950,226,False,True
chr7,117263553,117264184,632,False,True
chr7,117264232,117264614,383,False,True
chr7,130116679,130117058,380,False,True
chr7,141173001,141173384,384,False,True
chr7,141801917,141802451,535,False,True
chr7,141802902,141803366,465,False,True
chr7,141804075,141804274,200,False,True
chr7,141804815,141805507,693,False,True
chr7,142665100,142668500,3401,True,True
chr7,143187484,143187863,380,False,True
chr7,144180801,144377300,196500,True,False
chr7,145996401,146018600,22200,True,True
chr7,150131844,150132229,386,False,True
chr7,152375801,152435100,59300,True,False
chr7,153968599,153968979,381,False,True
chr7,158131401,158156200,24800,True,False
chr7,158594301,158596200,1900,True,False
chr7,158893101,158918100,25000,True,False
chr7,159294464,159294846,383,False,True
chr7,159334901,159345900,11000,True,False
chr8,7209801,7914700,704900,True,False
chr8,7940501,8075700,135200,True,False
chr8,8128201,8204600,76400,True,False
chr8,12136901,12614300,477400,True,False
chr8,13353293,13353679,387,False,True
chr8,16056864,16057063,200,False,True
chr8,18849122,18849571,450,False,True
chr8,20551163,20551554,392,False,True
chr8,32805709,32806092,384,False,True
chr8,33010515,33010894,380,False,True
chr8,33011360,33014071,2712,False,True
chr8,33014511,33014895,385,False,True
chr8,33015021,33015853,833,False,True
chr8,36277447,36278060,614,False,True
chr8,36278273,36278791,519,False,True
chr8,36278836,36279634,799,False,True
chr8,40070432,40070867,436,False,True
chr8,43236701,43262600,25900,True,False
chr8,43937901,45969600,2031700,True,False
chr8,46827306,46827914,609,False,True
chr8,46828299,46832000,3702,True,True
chr8,46837582,46837961,380,False,True
chr8,46838102,46838484,383,False,True
chr8,50758260,50758639,380,False,True
chr8,56736734,56736933,200,False,True
chr8,57204901,57216100,11200,True,False
chr8,59168701,59170400,1700,True,False
chr8,61303080,61303460,381,False,True
chr8,67580690,67581493,804,False,True
chr8,67581589,67581972,384,False,True
chr8,67582179,67582568,390,False,True
chr8,67584501,67592700,8200,True,True
chr8,69102852,69103234,383,False,True
chr8,69688401,69691100,2700,True,False
chr8,71406701,71412400,5700,True,False
chr8,72985529,72985923,395,False,True
chr8,74828645,74829025,381,False,True
chr8,75444101,75448200,4100,True,False
chr8,76201593,76202319,727,False,True
chr8,76645408,76645800,393,False,True
chr8,81841501,81851900,10400,True,False
chr8,85642101,85829300,187200,True,False
chr8,88685901,88691700,5800,True,False
chr8,96171201,96173100,1900,True,False
chr8,97907909,97908279,371,False,True
chr8,99494901,99496800,1900,True,True
chr8,102774316,102774695,380,False,True
chr8,103082926,103083379,454,False,True
chr8,103083705,103084399,695,False,True
chr8,103084731,103085110,380,False,True
chr8,103085324,103085806,483,False,True
chr8,103086860,103087242,383,False,True
chr8,105789201,105793800,4600,True,False
chr8,108533902,108534281,380,False,True
chr8,110933151,110933533,383,False,True
chr8,110934511,110935010,500,False,True
chr8,111248937,111249316,380,False,True
chr8,120224205,120224584,380,False,True
chr8,127053877,127054257,381,False,True
chr8,127968654,127969034,381,False,True
chr8,133615762,133616142,381,False,True
chr8,133755391,133755856,466,False,True
chr8,141491401,141493500,2100,True,False
chr8,141871101,141875200,4100,True,False
chr8,143641401,143670500,29100,True,False
chr8,144124801,144137600,12800,True,False
chr9,319901,322400,2500,True,False
chr9,5091132,5091511,380,False,True
chr9,5091963,5093013,1051,False,True
chr9,5093064,5094123,1060,False,True
chr9,5094193,5094697,505,False,True
chr9,5094932,5095816,885,False,True
chr9,5096207,5096816,610,False,True
chr9,5097189,5097890,702,False,True
chr9,5098135,5098516,382,False,True
chr9,5099353,5099552,200,False,True
chr9,5100045,5100427,383,False,True
chr9,5108064,5108592,529,False,True
chr9,5109194,5109986,793,False,True
chr9,5110031,5110411,381,False,True
chr9,9896971,9897350,380,False,True
chr9,15866613,15866992,380,False,True
chr9,18336472,18336854,383,False,True
chr9,31498261,31498640,380,False,True
chr9,33656534,33660000,3467,True,True
chr9,34998989,34999474,486,False,True
chr9,35912601,35915300,2700,True,False
chr9,36466193,36466572,380,False,True
chr9,38824201,39089400,265200,True,False
chr9,39846201,40771100,924900,True,False
chr9,40792501,41323100,530600,True,False
chr9,41492301,41635600,143300,True,False
chr9,41661301,42119600,458300,True,False
chr9,42364001,42410600,46600,True,False
chr9,42899401,42901300,1900,True,False
chr9,43263101,61518900,18255800,True,False
chr9,61735301,63548000,1812700,True,False
chr9,63761401,64027300,265900,True,False
chr9,64045551,64046043,493,False,True
chr9,64047856,64048422,567,False,True
chr9,64135001,65390600,1255600,True,False
chr9,65579401,66874600,1295200,True,False
chr9,66959001,68398100,1439100,True,False
chr9,70037201,70039600,2400,True,False
chr9,72788175,72788555,381,False,True
chr9,76174301,76176200,1900,True,False
chr9,78741396,78741775,380,False,True
chr9,78742156,78742969,814,False,True
chr9,78743200,78743630,431,False,True
chr9,78744109,78744492,384,False,True
chr9,78810722,78811113,392,False,True
chr9,79804551,79804933,383,False,True
chr9,80564644,80565085,442,False,True
chr9,80565479,80565941,463,False,True
chr9,81747642,81748021,380,False,True
chr9,82427690,82428071,382,False,True
chr9,83222901,83226900,4000,True,False
chr9,85071601,85075100,3500,True,False
chr9,85164801,85166100,1300,True,False
chr9,92108966,92109347,382,False,True
chr9,92539107,92539763,657,False,True
chr9,95876957,95877338,382,False,True
chr9,108502001,108506600,4600,True,False
chr9,117109915,117110296,382,False,True
chr9,122505688,122506067,380,False,True
chr9,129878700,129879081,382,False,True
chr9,134164501,134185500,21000,True,False
chr9,137326801,137330600,3800,True,False
chr9,137715201,137722200,7000,True,False
chr9,137841201,137846800,5600,True,False
chr9,138222001,138394700,172700,True,False
chr10,1,45700,45700,True,False
chr10,2235556,2235756,201,False,True
chr10,19746629,19747247,619,False,True
chr10,19747315,19748342,1028,False,True
chr10,25638377,25638756,380,False,True
chr10,26873148,26873538,391,False,True
chr10,30565119,30565501,383,False,True
chr10,36432965,36433344,380,False,True
chr10,36434048,36435188,1141,False,True
chr10,37600617,37601002,386,False,True
chr10,37601247,37601787,541,False,True
chr10,37601885,37602850,966,False,True
chr10,38481301,38596500,115200,True,False
chr10,38782601,38967900,185300,True,False
chr10,39901301,41712900,1811600,True,False
chr10,41838901,42107300,268400,True,False
chr10,42279401,42322500,43100,True,False
chr10,45577926,45578305,380,False,True
chr10,46706230,46706611,382,False,True
chr10,47633791,47634172,382,False,True
chr10,55597862,55600059,2198,False,True
chr10,55626795,55627174,380,False,True
chr10,57668683,57669062,380,False,True
chr10,59261794,59262173,380,False,True
chr10,69590539,69590738,200,False,True
chr10,69591476,69591858,383,False,True
chr10,69592356,69592740,385,False,True
chr10,69592777,69593482,706,False,True
chr10,69594379,69594760,382,False,True
chr10,69595142,69595573,432,False,True
chr10,69595682,69596061,380,False,True
chr10,77166389,77166768,380,False,True
chr10,79411057,79411468,412,False,True
chr10,89786505,89786889,385,False,True
chr10,100057236,100058064,829,False,True
chr10,112894489,112894870,382,False,True
chr10,115056513,115056712,200,False,True
chr10,123032372,123032751,380,False,True
chr10,125819622,125820001,380,False,True
chr10,126946301,126953400,7100,True,False
chr10,133625801,133797400,171600,True,False
chr11,1,194500,194500,True,False
chr11,518901,520700,1800,True,False
chr11,584401,586500,2100,True,False
chr11,964101,966000,1900,True,False
chr11,1015701,1019300,3600,True,False
chr11,1091001,1098200,7200,True,False
chr11,3652801,3655600,2800,True,False
chr11,8023288,8023667,380,False,True
chr11,10506901,10511100,4200,True,True
chr11,10768340,10768719,380,False,True
chr11,10815185,10815384,200,False,True
chr11,24839564,24839944,381,False,True
chr11,27850563,27850942,380,False,True
chr11,28206301,28236700,30400,True,False
chr11,47323882,47324333,452,False,True
chr11,50813601,54383000,3569400,True,False
chr11,61084501,61130400,45900,True,False
chr11,64187169,64187556,388,False,True
chr11,65069484,65069863,380,False,True
chr11,70370401,70372400,2000,True,False
chr11,73509801,73511700,1900,True,True
chr11,77885601,77887600,2000,True,False
chr11,81551735,81551934,200,False,True
chr11,81553836,81554282,447,False,True
chr11,81556153,81556537,385,False,True
chr11,81556718,81557101,384,False,True
chr11,87813428,87814320,893,False,True
chr11,87815684,87816063,380,False,True
chr11,93417501,93427700,10200,True,False
chr11,94232701,94240400,7700,True,False
chr11,103270628,103271007,380,False,True
chr11,103403271,103403650,380,False,True
chr11,103404015,103404527,513,False,True
chr11,103404780,103405289,510,False,True
chr11,103405810,103406376,567,False,True
chr11,103406654,103407036,383,False,True
chr11,103407111,103407310,200,False,True
chr11,103408090,103411211,3122,True,True
chr11,110876920,110877308,389,False,True
chr11,114021167,114021546,380,False,True
chr11,121175001,121187000,12000,True,False
chr11,123003426,123003857,432,False,True
chr11,123139920,123140301,382,False,True
chr11,131679501,131681500,2000,True,False
chr11,135075601,135086600,11000,True,False
chr12,1,77800,77800,True,False
chr12,371801,422400,50600,True,False
chr12,2254901,2257000,2100,True,False
chr12,2519801,2540500,20700,True,False
chr12,3887956,3888335,380,False,True
chr12,5928901,5933000,4100,True,False
chr12,19795478,19795864,387,False,True
chr12,20550501,20552400,1900,True,False
chr12,20768401,20770300,1900,True,False
chr12,21052951,21053330,380,False,True
chr12,22005656,22006093,438,False,True
chr12,27925109,27925488,380,False,True
chr12,29790401,29834600,44200,True,False
chr12,31247542,31247923,382,False,True
chr12,31247964,31248343,380,False,True
chr12,34715401,37269100,2553700,True,False
chr12,40286246,40286625,380,False,True
chr12,41362701,41364600,1900,True,True
chr12,41698592,41698971,380,False,True
chr12,41699049,41699573,525,False,True
chr12,49817253,49817634,382,False,True
chr12,61471101,61473000,1900,True,False
chr12,62773866,62774257,392,False,True
chr12,66473901,66475800,1900,True,False
chr12,80623984,80624183,200,False,True
chr12,101147001,101155000,8000,True,False
chr12,101486971,101487350,380,False,True
chr12,113079601,113081500,1900,True,False
chr12,123053922,123054301,380,False,True
chr12,124430501,124440300,9800,True,False
chr12,124905901,124941800,35900,True,False
chr12,126583200,126583772,573,False,True
chr12,126584138,126584530,393,False,True
chr12,130315426,130315904,479,False,True
chr12,130386401,130394100,7700,True,False
chr12,131475301,131478600,3300,True,False
chr12,131576001,131589700,13700,True,False
chr12,132223301,132243400,20100,True,False
chr12,132455101,132465200,10100,True,False
chr12,133249001,133275300,26300,True,False
chr13,16087601,16165300,77700,True,False
chr13,16226301,18171400,1945100,True,False
chr13,18211001,18216100,5100,True,False
chr13,25984719,25984918,200,False,True
chr13,31866924,31867303,380,False,True
chr13,33516899,33517278,380,False,True
chr13,36065386,36065836,451,False,True
chr13,40768207,40768595,389,False,True
chr13,53891452,53891831,380,False,True
chr13,55971454,55971922,469,False,True
chr13,56688342,56688749,408,False,True
chr13,57140501,57172500,32000,True,False
chr13,72344212,72344591,380,False,True
chr13,75592085,75592468,384,False,True
chr13,83688314,83688693,380,False,True
chr13,84521525,84522274,750,False,True
chr13,84522849,84523233,385,False,True
chr13,88308158,88308357,200,False,True
chr13,95692550,95692935,386,False,True
chr13,95693014,95693215,202,False,True
chr13,95694450,95695698,1249,False,True
chr13,95696146,95696512,367,False,True
chr13,105488068,105488448,381,False,True
chr13,107058663,107059042,380,False,True
chr13,109423201,109425200,2000,True,True
chr13,114353301,114364300,11000,True,False
chr14,1,18670900,18670900,True,False
chr14,18695401,19724300,1028900,True,False
chr14,23033301,23098600,65300,True,False
chr14,23426307,23426691,385,False,True
chr14,26629301,26634900,5600,True,False
chr14,31793801,31798100,4300,True,False
chr14,32483401,32486000,2600,True,True
chr14,34537101,34562600,25500,True,False
chr14,35947201,35950000,2800,True,False
chr14,37351001,37356700,5700,True,False
chr14,37490107,37490486,380,False,True
chr14,40643841,40644220,380,False,True
chr14,43116743,43117122,380,False,True
chr14,44025101,44027200,2100,True,False
chr14,44705101,44709900,4800,True,False
chr14,45238636,45239016,381,False,True
chr14,45430379,45430758,380,False,True
chr14,45477101,45482500,5400,True,False
chr14,46048458,46048837,380,False,True
chr14,46847041,46847420,380,False,True
chr14,46865301,46866500,1200,True,False
chr14,51587296,51587847,552,False,True
chr14,54235601,54240000,4400,True,False
chr14,57112101,57118100,6000,True,False
chr14,74711701,74729000,17300,True,False
chr14,83587332,83587894,563,False,True
chr14,83588230,83589060,831,False,True
chr14,84171263,84171729,467,False,True
chr14,84171839,84172846,1008,False,True
chr14,84173509,84173969,461,False,True
chr14,84174280,84174691,412,False,True
chr14,86074001,86076000,2000,True,False
chr14,86498938,86499317,380,False,True
chr14,86593301,86595200,1900,True,False
chr14,88443701,88458100,14400,True,False
chr14,100525901,100527800,1900,True,False
chr14,101267601,101272200,4600,True,False
chr14,101674401,101676400,2000,True,False
chr14,104288101,104290200,2100,True,False
chr14,105215001,105240900,25900,True,False
chr14,105568501,105583900,15400,True,False
chr14,105616501,105618600,2100,True,False
chr14,106326901,106367700,40800,True,False
chr15,1,17035000,17035000,True,False
chr15,17058501,19790100,2731600,True,False
chr15,20005601,22606300,2600700,True,False
chr15,23125401,23357400,232000,True,False
chr15,25757701,25759100,1400,True,False
chr15,28304901,28683400,378500,True,False
chr15,30066301,30627500,561200,True,True
chr15,30844101,30859900,15800,True,False
chr15,32153701,32626200,472500,True,True
chr15,34715311,34715692,382,False,True
chr15,35396111,35396495,385,False,True
chr15,40133888,40134759,872,False,True
chr15,41157029,41157408,380,False,True
chr15,52100392,52100771,380,False,True
chr15,54583732,54584111,380,False,True
chr15,54925701,54932200,6500,True,False
chr15,56311201,56314600,3400,True,False
chr15,58152410,58153114,705,False,True
chr15,58153293,58153690,398,False,True
chr15,58155860,58156155,296,False,True
chr15,67040731,67041122,392,False,True
chr15,72635201,72687100,51900,True,False
chr15,74068101,74102000,33900,True,False
chr15,75254101,75299800,45700,True,False
chr15,77698601,77700600,2000,True,False
chr15,82321001,82374600,53600,True,False
chr15,82421201,82541700,120500,True,False
chr15,84405301,84524700,119400,True,False
chr15,91960164,91960543,380,False,True
chr15,101752301,101764800,12500,True,False
chr15,101892701,101991100,98400,True,False
chr16,3367431,3368546,1116,False,True
chr16,3369659,3370039,381,False,True
chr16,3370151,3370542,392,False,True
chr16,3370933,3371445,513,False,True
chr16,3371689,3372222,534,False,True
chr16,10719291,10720105,815,False,True
chr16,10720418,10720781,364,False,True
chr16,10721236,10721874,639,False,True
chr16,10721901,10722280,380,False,True
chr16,10723424,10723623,200,False,True
chr16,10723816,10724200,385,False,True
chr16,10724416,10724654,239,False,True
chr16,20720930,20721312,383,False,True
chr16,20721366,20721746,381,False,True
chr16,20722104,20722552,449,False,True
chr16,29430801,29566900,136100,True,False
chr16,34061401,34121400,60000,True,False
chr16,34272001,34633100,361100,True,False
chr16,34657201,34672500,15300,True,False
chr16,34694601,34772000,77400,True,False
chr16,34832601,34922100,89500,True,False
chr16,34945601,35072500,126900,True,False
chr16,36166301,36202400,36100,True,False
chr16,36225201,46423000,10197800,True,False
chr16,46449701,46467000,17300,True,False
chr16,60470625,60471006,382,False,True
chr16,65701466,65701846,381,False,True
chr16,67590313,67590692,380,False,True
chr16,69358524,69358990,467,False,True
chr16,73161121,73161500,380,False,True
chr16,82119746,82120125,380,False,True
chr16,90100501,90338300,237800,True,False
chr17,1,137600,137600,True,False
chr17,141683,142062,380,False,True
chr17,294901,317900,23000,True,False
chr17,448201,510900,62700,True,False
chr17,1061501,1066100,4600,True,False
chr17,1307701,1312000,4300,True,False
chr17,14171309,14171688,380,False,True
chr17,15568188,15568567,380,False,True
chr17,19025701,19237400,211700,True,False
chr17,19597516,19597985,470,False,True
chr17,19598614,19599532,919,False,True
chr17,19599800,19600210,411,False,True
chr17,19600301,19602064,1764,False,True
chr17,19602161,19602545,385,False,True
chr17,19602887,19603595,709,False,True
chr17,19603848,19604047,200,False,True
chr17,19604923,19605588,666,False,True
chr17,20851030,20851409,380,False,True
chr17,21783301,22054000,270700,True,False
chr17,22519043,22520149,1107,False,True
chr17,22520323,22530152,9830,True,True
chr17,22530382,22532156,1775,False,True
chr17,22532316,22532940,625,False,True
chr17,22551067,22551446,380,False,True
chr17,22745201,26629800,3884600,True,False
chr17,26766801,26987200,220400,True,False
chr17,35654770,35655182,413,False,True
chr17,43227601,43324300,96700,True,False
chr17,43997536,43997957,422,False,True
chr17,45511501,45641300,129800,True,False
chr17,53104901,53107300,2400,True,True
chr17,54902921,54903301,381,False,True
chr17,59279407,59279787,381,False,True
chr17,63076395,63076777,383,False,True
chr17,63393239,63393438,200,False,True
chr17,65555245,65555624,380,False,True
chr17,72316259,72316638,380,False,True
chr17,80617408,80617802,395,False,True
chr18,1,64600,64600,True,False
chr18,105201,113200,8000,True,False
chr18,971001,976500,5500,True,False
chr18,2841301,2861500,20200,True,True
chr18,8103914,8104113,200,False,True
chr18,8846333,8846713,381,False,True
chr18,15367201,20940300,5573100,True,False
chr18,34571461,34571840,380,False,True
chr18,46961601,47031700,70100,True,False
chr18,47852301,47854300,2000,True,True
chr18,52791801,52793800,2000,True,False
chr18,52883628,52884007,380,False,True
chr18,59288307,59288686,380,False,True
chr18,61874563,61874960,398,False,True
chr18,74615901,74618100,2200,True,False
chr18,76966201,76968500,2300,True,False
chr18,77455901,77456280,380,False,True
chr18,78436901,78438700,1800,True,False
chr18,79013801,79040300,26500,True,False
chr18,79617801,79621500,3700,True,False
chr18,80257401,80373200,115800,True,False
chr19,1,271200,271200,True,False
chr19,7019101,7061300,42200,True,False
chr19,7449401,7452000,2600,True,False
chr19,8740101,8800500,60400,True,False
chr19,12105017,12105399,383,False,True
chr19,13362990,13363369,380,False,True
chr19,24330101,27274500,2944400,True,False
chr19,27337601,27427400,89800,True,False
chr19,34386801,34393500,6700,True,False
chr19,34860601,34866200,5600,True,False
chr19,36267901,36313700,45800,True,False
chr19,37264901,37304300,39400,True,False
chr19,37572466,37572846,381,False,True
chr19,37576135,37576516,382,False,True
chr19,44393301,44416700,23400,True,False
chr19,46122945,46123324,380,False,True
chr19,47903001,47959700,56700,True,False
chr19,50090501,50140400,49900,True,False
chr19,54794750,54795129,380,False,True
chr19,56691536,56691736,201,False,True
chr19,56922159,56922601,443,False,True
chr19,58538701,58617600,78900,True,False
chr20,1,67900,67900,True,False
chr20,5999470,5999849,380,False,True
chr20,9168744,9169145,402,False,True
chr20,10441917,10442296,380,False,True
chr20,13167143,13167534,392,False,True
chr20,18449174,18449556,383,False,True
chr20,22078163,22078542,380,False,True
chr20,24024377,24024757,381,False,True
chr20,26364201,28916900,2552700,True,False
chr20,28939401,29264700,325300,True,False
chr20,30744371,30744939,569,False,True
chr20,30746749,30747241,493,False,True
chr20,30995401,31246000,250600,True,False
chr20,34688744,34689039,296,False,True
chr20,47893801,47900200,6400,True,False
chr20,57063874,57064279,406,False,True
chr20,57357556,57358134,579,False,True
chr20,57358222,57359428,1207,False,True
chr20,57359452,57360972,1521,False,True
chr20,63644938,63645318,381,False,True
chr21,1,8679600,8679600,True,False
chr21,8844363,8844855,493,False,True
chr21,8846670,8847382,713,False,True
chr21,9159901,9735300,575400,True,False
chr21,10013901,10069600,55700,True,True
chr21,10094701,10505100,410400,True,False
chr21,10650901,12965800,2314900,True,False
chr21,16645306,16645685,380,False,True
chr21,32095836,32096215,380,False,True
chr21,35890414,35890796,383,False,True
chr21,43212401,43280900,68500,True,False
chr21,44474914,44475301,388,False,True
chr21,45376057,45376517,461,False,True
chr21,46682701,46709900,27200,True,False
chr22,10687701,11428100,740400,True,False
chr22,11496901,11873100,376200,True,True
chr22,11976901,15154400,3177500,True,True
chr22,16258001,16385800,127800,True,False
chr22,18175901,18947300,771400,True,False
chr22,20337401,20343300,5900,True,False
chr22,21113501,21554000,440500,True,False
chr22,32894953,32895345,393,False,True
chr22,33819339,33819538,200,False,True
chr22,35885492,35885898,407,False,True
chr22,36172706,36173085,380,False,True
chr22,36177876,36178257,382,False,True
chr22,46470113,46470493,381,False,True
chr22,49972701,49975300,2600,True,False
chr22,50086004,50086529,526,False,True
chr22,50642801,50644900,2100,True,False
chr22,50786601,50818400,31800,True,False
chrX,1,329300,329300,True,False
chrX,362401,388500,26100,True,False
chrX,456501,531800,75300,True,False
chrX,723801,739500,15700,True,False
chrX,864501,930400,65900,True,False
chrX,1049101,1054300,5200,True,False
chrX,1085101,1175500,90400,True,False
chrX,1200601,1209400,8800,True,False
chrX,1249201,1269000,19800,True,False
chrX,1289501,1298900,9400,True,False
chrX,1365301,1458700,93400,True,False
chrX,1480901,1492800,11900,True,False
chrX,1816201,1820600,4400,True,False
chrX,2223901,2521900,298000,True,False
chrX,2580601,2751300,170700,True,False
chrX,3966701,3968700,2000,True,False
chrX,4059513,4059712,200,False,True
chrX,5168679,5169232,554,False,True
chrX,5169734,5170646,913,False,True
chrX,5481201,5486100,4900,True,False
chrX,6933401,6938700,5300,True,False
chrX,7587601,7591800,4200,True,False
chrX,9403601,9415100,11500,True,False
chrX,10785001,10809700,24700,True,False
chrX,10966601,10976800,10200,True,False
chrX,11218801,11221100,2300,True,False
chrX,11840901,11848000,7100,True,False
chrX,14085101,14109500,24400,True,False
chrX,14286501,14289300,2800,True,False
chrX,15727703,15728089,387,False,True
chrX,16361201,16366000,4800,True,False
chrX,16498101,16503400,5300,True,False
chrX,17116415,17116794,380,False,True
chrX,19940201,19946300,6100,True,False
chrX,21340601,21345700,5100,True,False
chrX,24056084,24056470,387,False,True
chrX,24375346,24375545,200,False,True
chrX,25773301,25776000,2700,True,False
chrX,26176401,26181400,5000,True,False
chrX,30767801,30772600,4800,True,False
chrX,31077601,31082600,5000,True,False
chrX,31511401,31535800,24400,True,False
chrX,33762402,33762781,380,False,True
chrX,34416801,34425900,9100,True,False
chrX,36465201,36471200,6000,True,False
chrX,37628401,37633500,5100,True,False
chrX,42872301,42910700,38400,True,False
chrX,49317501,49623500,306000,True,False
chrX,50019401,50033700,14300,True,False
chrX,50056701,50066100,9400,True,False
chrX,51202301,51268100,65800,True,False
chrX,51427501,51432400,4900,True,False
chrX,52175001,52228100,53100,True,False
chrX,52442801,52538100,95300,True,False
chrX,53761701,53789500,27800,True,False
chrX,55178597,55179289,693,False,True
chrX,55179435,55184500,5066,True,True
chrX,56754901,56781100,26200,True,False
chrX,57712301,57719700,7400,True,False
chrX,58467901,62522800,4054900,True,False
chrX,62841380,62841765,386,False,True
chrX,62842258,62842639,382,False,True
chrX,63129601,63290600,161000,True,False
chrX,67311801,67323800,12000,True,False
chrX,67626801,67632300,5500,True,False
chrX,68217301,68230200,12900,True,False
chrX,70119465,70119845,381,False,True
chrX,70127234,70127620,387,False,True
chrX,70600001,70603800,3800,True,False
chrX,70640601,70645000,4400,True,False
chrX,70963601,70964900,1300,True,False
chrX,71978801,71980500,1700,True,False
chrX,72489401,72490800,1400,True,False
chrX,72743201,73035800,292600,True,False
chrX,73381001,73387000,6000,True,False
chrX,73887001,73891300,4300,True,False
chrX,74660001,74718100,58100,True,False
chrX,74789001,74794000,5000,True,False
chrX,74952201,74995200,43000,True,False
chrX,77501935,77502314,380,False,True
chrX,78561722,78561921,200,False,True
chrX,78802401,78804500,2100,True,False
chrX,79765501,79789600,24100,True,False
chrX,80534101,80537000,2900,True,False
chrX,82849701,82859300,9600,True,False
chrX,83752101,83756900,4800,True,False
chrX,84403780,84404168,389,False,True
chrX,86046601,86076600,30000,True,False
chrX,86395501,86398100,2600,True,False
chrX,86970001,86975600,5600,True,False
chrX,87220501,87222100,1600,True,False
chrX,89060201,89062700,2500,True,False
chrX,89202501,89208400,5900,True,False
chrX,91332901,91336600,3700,True,False
chrX,93618001,93633400,15400,True,False
chrX,94863601,94868300,4700,True,False
chrX,97509601,97515000,5400,True,False
chrX,100027095,100027475,381,False,True
chrX,100135801,100141000,5200,True,False
chrX,100257101,100261600,4500,True,False
chrX,101471701,101474900,3200,True,False
chrX,102010330,102010712,383,False,True
chrX,102011532,102011915,384,False,True
chrX,102188701,102489200,300500,True,False
chrX,102772406,102772791,386,False,True
chrX,102785905,102786287,383,False,True
chrX,102798002,102798386,385,False,True
chrX,102802748,102803161,414,False,True
chrX,102809396,102809788,393,False,True
chrX,103851801,103897800,46000,True,False
chrX,104409870,104410249,380,False,True
chrX,106239695,106239894,200,False,True
chrX,106755501,106769400,13900,True,False
chrX,106813901,106830900,17000,True,False
chrX,107515801,107517200,1400,True,False
chrX,109034801,109069100,34300,True,False
chrX,109114901,109119400,4500,True,False
chrX,109520801,109525700,4900,True,False
chrX,109985901,109987300,1400,True,False
chrX,110816701,110833400,16700,True,False
chrX,111416101,111418000,1900,True,True
chrX,113141701,113143600,1900,True,False
chrX,114701601,114724300,22700,True,False
chrX,115725601,115889600,164000,True,False
chrX,116557601,116595600,38000,True,False
chrX,117874101,117880000,5900,True,False
chrX,118009001,118037800,28800,True,False
chrX,118070901,118072700,1800,True,False
chrX,121263701,121268100,4400,True,False
chrX,121299201,121300600,1400,True,False
chrX,122528401,122550000,21600,True,False
chrX,124584301,124588400,4100,True,False
chrX,125927601,125937100,9500,True,False
chrX,126463701,126474200,10500,True,True
chrX,126728885,126729272,388,False,True
chrX,126729327,126729709,383,False,True
chrX,126729838,126730217,380,False,True
chrX,126730717,126731106,390,False,True
chrX,126731625,126732029,405,False,True
chrX,127116701,127122600,5900,True,False
chrX,127362201,127368300,6100,True,False
chrX,128785001,128788700,3700,True,False
chrX,129337601,129357900,20300,True,False
chrX,129388401,129408400,20000,True,False
chrX,129983339,129983538,200,False,True
chrX,130567701,130572000,4300,True,False
chrX,131152201,131157400,5200,True,False
chrX,131378301,131383300,5000,True,False
chrX,131664301,131670000,5700,True,False
chrX,132284601,132320400,35800,True,False
chrX,133041872,133042251,380,False,True
chrX,133108601,133116500,7900,True,False
chrX,135292294,135292493,200,False,True
chrX,135718601,135888700,170100,True,False
chrX,137074701,137079100,4400,True,False
chrX,137436601,137439300,2700,True,False
chrX,138300601,138302200,1600,True,False
chrX,139437601,139446800,9200,True,False
chrX,139621501,139622800,1300,True,False
chrX,140722401,140726100,3700,True,False
chrX,141000401,141108300,107900,True,False
chrX,142478001,142483800,5800,True,False
chrX,142892301,142911600,19300,True,False
chrX,143352001,143356500,4500,True,False
chrX,143430214,143430837,624,False,True
chrX,143431145,143431537,393,False,True
chrX,143431717,143432219,503,False,True
chrX,143432411,143433212,802,False,True
chrX,143433511,143434156,646,False,True
chrX,143543637,143544023,387,False,True
chrX,144404501,144475900,71400,True,False
chrX,146995843,146996224,382,False,True
chrX,147281701,147287100,5400,True,False
chrX,147653801,147659900,6100,True,False
chrX,148123501,148129000,5500,True,False
chrX,148347101,148378700,31600,True,False
chrX,149437901,149441900,4000,True,False
chrX,150024801,150026200,1400,True,False
chrX,152173801,152175100,1300,True,False
chrX,153251201,153316400,65200,True,False
chrX,154870001,154890200,20200,True,False
chrX,154938901,154945100,6200,True,False
chrX,155299601,155305100,5500,True,False
chrX,155454001,155522000,68000,True,False
chrX,155700401,155727500,27100,True,False
chrX,155983501,156040800,57300,True,False
